time,x,y,z,ax,ay,az,aw,roll,pitch,yaw
1526316865.95,-4.53545618057,0.116742134094,7.24438285828,-0.0157725784585,-0.421571380964,0.00668715268949,0.906633376018,
1526316866.04,-4.54038619995,0.115673221648,7.24962615967,-0.0157588791815,-0.42148708876,0.00693826514327,0.906670917264,
1526316866.14,-4.56227350235,0.117638334632,7.26920986176,-0.0159702748373,-0.42169705017,0.00651794474715,0.906572702322,
1526316866.24,-4.56731367111,0.116883896291,7.27480506897,-0.0158985514392,-0.421631173653,0.00673611679735,0.906603008045,
1526316866.34,-4.59314393997,0.11964083463,7.28995418549,-0.0158101020895,-0.421739663098,0.00648355857065,0.90655593358,
